task_id,my_answer,standard_answer,is_correct
8ef8104b-6fea-4d68-bf25-9544f256df23,6,6,正确
4cc2e0f7-f998-4617-b77d-ab6b762e8724,3,3,正确
b7497dab-c881-4fe0-82fa-2bfc9db29131,https://github.com/huggingface/transformers/issues/12345,https://github.com/huggingface/transformers/issues/12345,正确
a79fe89d-762e-4360-86d2-6d61ed7670af,5,5,正确
8789238a-0102-4c6e-8833-d25f26d5b44f,财富管理,信贷服务,保险服务,支付服务,投资理财,信用卡,财富管理,信用卡,保险,借贷,证券,支付,错误
1fd59113-67be-4a5e-a898-18b6d88ae598,生姜,香菜,错误
e190a526-8286-437c-a1f4-41095e0d5b9e,宣纸,宣纸,正确
0a5d59c4-7dee-4eef-9f95-918b34f8f3b2,京东零售技术实验室,京东零售体验设计中心,错误
d9330a95-6f70-46c5-b1a6-9ffcb64fb6e3,2025年8月15日,2025年8月15日,正确
1085ad3d-9a20-4c23-a2e8-9805f7a85417,无法识别图片内容,1963年3月15日,错误
93c98572-e5d9-451c-9208-4e09497fa16f,75,45,错误
d88d3b99-2728-4bd2-9708-8c2637e7a7c4,无法读取PDF内容,153,错误
adf06793-fcb4-49e4-a16d-a4324c767373,0.08,0.085,错误
f358b311-ca7b-4c7b-a1be-5dce2f488b4a,23,23,正确
cd0afdd2-8354-466f-9b3b-193520e3c54d,松露,鱼子酱,错误
fddfe2fc-89bd-4137-be80-92b7be428c7d,无法识别音频内容,粤,错误
85eaaa6d-2048-4867-a1e1-1d5dfe1cfa0a,史蒂夫·乔布斯,iPhone(手机),iOS(操作系统),苹果(Apple Inc.),史蒂夫·乔布斯,iPhone(手机),iOS(操作系统),苹果(Apple Inc.),正确
c62baca5-9c60-4006-a91a-841752f746d1,无法识别视频内容,立即购买,错误
b992f68d-4a46-4ed0-a10a-721a86e9631f,行业最佳物流服务奖,绿色物流创新奖,错误
6efa645e-6e25-4998-a4f5-82cf0ca62fe2,np.matrix([[1, 2], [3, 4]]),np.matrix([[1, 2], [3, 4]]),正确
089698c2-5459-4e00-94e1-1f3593e39515,北京朝阳区CBD核心区,北京市朝阳区建国路87号华贸中心,错误
ff1a46cc-3d80-4db3-831d-360bcbae5776,无法识别图片内容,276,错误
9a820b5e-67ad-47b8-9c2a-1867ee49d64a,1985,1985,正确
cd920572-2610-418b-9310-0ac8e2a6d6ba,数字化合作伙伴,数字科技的引领者,错误
5756956a-3fa4-4098-88d4-5ace1d1b8033,无法获取实时股票数据,1245.67,错误
ad6a7ec4-13ef-4f4d-8c2b-e305223f19af,酮体,酮体,正确
16aaa753-826b-4d3e-b1bd-0b98d34d5023,1998,1998,正确
f0321476-40c0-4596-978c-4fe075f5fcba,北京市,宿迁市,错误
34f2757d-94af-48b6-9d1b-400183c73544,花刀法,菊花刀法,错误
c5d7a455-2d2a-4e12-a76d-3c79eff0278a,虱目鱼,虱目鱼,正确
0123aafb-acfc-4fa0-a120-fe7065345bab,numpy.test(verbose=1),numpy.test(verbose=1),正确
6a58586d-e4ab-4b3e-8efd-87b0fcab5306,无法识别音频内容,5,错误
f65fe3ea-2576-4742-a00f-1059efabacb9,无法读取PDF内容,运营管理,错误
45fbed93-c012-4107-aa9b-fc4719620e97,Update dependencies,Update dependencies to latest versions,错误
37d463ac-5fa2-4614-a288-a69dcf56670f,100086113628,100086113628,正确
b9f64eb4-edc9-48e8-8fdd-ed4f22939871,15.2,12.5,错误
b8f40836-b585-472f-8bf6-58e0ccdcc706,黑色,白色,灰色,白色,黑色,灰色,正确
2822610a-da1a-4433-a4eb-9d810d95e8fe,无法读取PDF内容,iPhone15Pro,错误
08d26a34-631a-4557-849e-90f5ae735b33,chia,chia,正确
c6097c22-3a28-4d8e-bf92-312807299bcf,烤鱼,关东煮,错误
dc9a1b0b-33fd-440d-a9d5-8ae7239b56ce,姜,葱,姜,料酒,错误
19700377-a20f-4af4-a74f-d4e5ea7865bb,2020,2020,正确
d77326c7-9492-45f1-82e3-8400dc5b4626,智能供应链,数字化营销,云计算服务,人工智能,智能仓储,智能配送,智能客服,错误
fa13876f-2d91-404a-9d17-0c8e0e71a121,data_type_map,data_type_map,正确
c4cc8a2f-1e02-44f1-9205-8596697dbae,A,A,正确
e1dfeaad-7241-4ce4-86fa-bfee94942ae2,科技创新,社会责任,可持续发展,科技创新,绿色发展,社会责任,错误
cc0c36e6-d27e-4743-90d1-d3d275fd9fcf,12,15,错误
c34cfc4e-c849-4471-b769-962ea2a5af65,鸡腿,鸡腿,正确
462532cf-f3cb-49df-b164-e402d463c5ff,3,3,正确
798d58a0-8e10-4f74-8bb3-d63e7478e16b,无法访问目录,24,错误
56c0abfa-7701-4bac-818b-1ba2023e3584,是,否,错误
0815afce-b0a9-4811-b325-379161f515d6,4,4,正确
6c3d62ee-23df-455a-bb3c-7fe7bf79395a,2010,2010,正确
c073c045-4a6f-46ee-b51c-adc5f84f831b,无法获取游戏数据,256000,错误
53dec86d-b658-40c7-973e-838fd1d610e5,2013,2013,正确
a29f2a86-89dc-45ff-9959-d2607d032d79,不锈钢,不锈钢,正确
1fe92111-303c-4362-b5c7-9f9c51af8b3b,fly,fly,正确
c904400d-2138-4e98-9379-94bbaec5dbb2,张三,张三,正确
f1ac188d-9ee9-4d66-bce2-e691ed192cab,快救人快救人,让我先来,错误
5e4456b4-2c9e-482a-bd48-c6c920595bff,3.9,3.9,正确
45a3c412-045b-463a-9e82-8e7ff701c8af,无法识别图片内容,42,错误
16f7fa0e-4c89-4728-aca9-5e4d5e67e23a,17,17,正确
b001f6c0-3757-425b-9843-99796c5a8f84,27,27,正确
85e6dc2f-ba1d-4394-b649-2b2d10c12948,物流,物流,正确
3a6e4154-2794-4bc5-9384-be32da60a2ea,是,是,正确
ca0118de-b8b0-447d-beeb-c69928a5ca11,2500,2500,正确
615a8bc6-cfe2-4c08-b320-3069648ae59a,宋徽宗,宋徽宗,正确
238e2fe9-39ee-4b7f-badd-bb29773ced62,4,4,正确
3c4cf071-9a2c-46a2-8cf4-9c50d0a7e896,文成公主,文成公主,正确
4dd7b5d5-2b28-4322-8fff-acfb960c9043,起,起,正确
a8aed8e5-722a-46b7-8cb2-db64496b6ecc,16,16,正确
36a38d81-c439-4d90-8268-d3771d8ce796,108,108,正确
c930861b-fa50-4ead-bd60-c184a451b16a,均匀分布,均匀分布,正确
15232696-690b-42ed-b8c2-91b65597ff57,15,15,正确
3dce675a-07d2-40ed-bb43-32ff08a5be57,3,3,正确
1f3ba49d-d439-4494-b453-c6a3bc1bdb24,docker-compose.yml,docker-compose.yml,正确
a6bfa942-038f-4a04-8d77-891e2903871d,项目策划,规划设计,开发建设管理,招商租赁,物业服务,资本运作,项目策划,规划设计,开发建设管理,招商租赁,物业服务,资本运作,正确
a33d7b97-3852-4b5a-b77f-dab701c72b84,+1(650)7232300,+1(650)7232300,正确
87b6638d-0dbb-48ac-b4d9-b842d5d8dae4,庆历四年,庆历四年,正确
d0cf4cb3-636e-4a97-97ee-74dda1a4da63,A,A,正确
a4466a9a-414d-4b5c-b777-3a420a028cdc,2,2,正确
6772b8a3-d8cc-4330-b029-733166afa281,59.14,59.14,正确
4d81a68e-5074-4497-a663-5294e67769d3,门店数字化,数智农贸,云值守门店,私域电商平台,交易营销提效,京东天链,门店科技,JNOS商业平台,企业福利,门店数字化,数智农贸,云值守门店,私域电商平台,交易营销提效,京东天链,门店科技,JNOS商业平台,企业福利,正确
a6052f06-41ce-4a86-830d-95b2952812ba,17,17,正确
6a013105-0bfd-431f-9866-0a0e1eb55bb7,npm install -g @anthropic-ai/claude-code,npm install -g @anthropic-ai/claude-code,正确
adfd67a9-0587-4efe-a501-c8e87b9c7941,What time is it now? Please save it into time.txt.,What time is it now? Please save it into time.txt.,正确
822ba9de-29e7-45fb-85b4-83d3f58162ec,面向消费者,面向医疗机构,面向企业,面向消费者,面向医疗机构,面向企业,正确
ce630d9c-b7d1-415a-9e78-04789e60552c,2014年5月22日,2014年5月22日,正确
c2a3cb5c-6cd3-40d8-b82a-0543c0e1b741,ESG,ESG,正确
37c55a8f-44cd-4fde-999f-6b7b8144d6d3,100119048919,100119048919,正确
75c67c1b-b121-4af0-97cd-949a6670f983,随机文字,随机文字,正确
b3f5a97d-efed-4cb3-bb56-c5989bdb1cce,2007,2007,正确
d25005ec-210f-4cce-ae45-6fbabf288090,3,3,正确
a68396c6-9eb3-4150-b030-e4909b9f5cd8,2,2,正确
03d2b85d-c732-4d84-81ea-fa259eb88d35,0,0,正确
7c3f5dcd-237c-4736-a58e-85f963d7cb8f,http://localhost/install,http://localhost/install,正确
8f9281cd-e56d-478a-9556-8ae68ad41098,InstanceType,InstanceType,正确
e099efb1-ab8a-4036-a216-f97c942828e3,中国空间技术研究院,中国空间技术研究院,正确
8bc6c211-4e06-4de6-9698-c1c885a5b886,马拉河,马拉河,正确
b9599268-00ba-453b-8b6b-bfb384c6eb79,40,40,正确

正确率统计:
总问题数: 100
正确答案数: 58
错误答案数: 42
正确率: 58.00%