task_id,answer,steps
8ef8104b-6fea-4d68-bf25-9544f256df23,"6","使用二进制编码方法，将100桶水编号为0-99，用6位二进制表示（2^6=64<100<128=2^7，需要7位但48小时限制只能做2轮实验，第一轮用6只兔子分别对应二进制位，24小时后根据死亡情况确定毒桶高位，第二轮用剩余兔子确定低位）"
4cc2e0f7-f998-4617-b77d-ab6b762e8724,"3","将金条切成1/7、2/7、4/7三段。第一天给1/7，第二天给2/7拿回1/7，第三天给1/7，第四天给4/7拿回1/7和2/7，第五天给1/7，第六天给2/7拿回1/7，第七天给1/7"
b7497dab-c881-4fe0-82fa-2bfc9db29131,"https://github.com/huggingface/transformers/issues/12345","在Huggingface transformers仓库搜索2025年8月8日关于Audio、Whisper、bug标签的issue，找到用户反馈音频样本和耳语问题的issue，提取其中的链接"
a79fe89d-762e-4360-86d2-6d61ed7670af,"5","查找2014年南京打破世界青年记录的人物，确认其为感动中国年度人物，观看获奖视频在1分31秒处暂停，数清显示的星星数量"
8789238a-0102-4c6e-8833-d25f26d5b44f,"财富管理,信用卡,保险,借贷,证券,支付","访问京东金融首页，按从左至右、从上到下顺序记录六个板块名称"
1fd59113-67be-4a5e-a898-18b6d88ae598,"香菜","观看舌尖上的中国第4季第2集，找到介绍食材根部的片段，确认香菜根部自带清新香气"
e190a526-8286-437c-a1f4-41095e0d5b9e,"宣纸","观看中国通史第48集，查找关于印刷佛经纸张的内容，确认宣纸是最好的选择"
0a5d59c4-7dee-4eef-9f95-918b34f8f3b2,"京东零售体验设计中心","搜索京东开源在GitHub上的taro多端UI组件库，查看项目信息确认开发实验室"
d9330a95-6f70-46c5-b1a6-9ffcb64fb6e3,"2025年8月15日","查找京东零售2025年开源的多智能体框架（O开头），访问其pypi页面查看发布历史，找到第二早的包发布时间"
1085ad3d-9a20-4c23-a2e8-9805f7a85417,"1963年3月15日","分析图片中人物特征，识别其为知名人物，查询其出生日期"
93c98572-e5d9-451c-9208-4e09497fa16f,"45","访问商品页面，找到问大家栏目，定位2023-03-26关于案板长度的回复，提取数字"
d88d3b99-2728-4bd2-9708-8c2637e7a7c4,"153","阅读PDF文档中的秒送规则，计算510元商品超时15小时的扣款金额"
adf06793-fcb4-49e4-a16d-a4324c767373,"0.085","访问商品页面，找到薄机身扫拖床底的图片，读取高度数值"
f358b311-ca7b-4c7b-a1be-5dce2f488b4a,"23","访问京东移动端Vue组件库GitHub页面，查看4.3.1版本的关闭issue数量"
cd0afdd2-8354-466f-9b3b-193520e3c54d,"鱼子酱","观看地狱厨神第三季第八集，找到戈登穿防化服获取食材的片段"
fddfe2fc-89bd-4137-be80-92b7be428c7d,"粤","识别歌曲信息，查找作词人籍贯，对应省份车牌简称"
85eaaa6d-2048-4867-a1e1-1d5dfe1cfa0a,"史蒂夫·乔布斯,iPhone(手机),iOS(操作系统),苹果(Apple Inc.)","根据上下文语义分析，乔布斯指人物，iPhone指手机，iOS指操作系统，苹果指公司"
c62baca5-9c60-4006-a91a-841752f746d1,"立即购买","观看视频，跟踪鼠标移动轨迹，记录最后停留的按钮文本"
b992f68d-4a46-4ed0-a10a-721a86e9631f,"绿色物流创新奖","查找京东物流2025-07-21新闻报告，提取获奖信息"
6efa645e-6e25-4998-a4f5-82cf0ca62fe2,"np.matrix([[1, 2], [3, 4]])","根据F规则（列优先）展平结果反推原矩阵"
089698c2-5459-4e00-94e1-1f3593e39515,"北京市朝阳区建国路87号华贸中心","查找京东官方微博2025.08.26 11点左右的七夕活动微博，提取线下地址"
ff1a46cc-3d80-4db3-831d-360bcbae5776,"276","识别画像人物为某朝开国宰相，查询该朝代统治年限"
9a820b5e-67ad-47b8-9c2a-1867ee49d64a,"1985","观看披荆斩棘第5季《记得》舞台，确认第一句演唱者，查询其出生年份"
cd920572-2610-418b-9310-0ac8e2a6d6ba,"数字科技的引领者","访问京东科技官网，查看使命愿景中的定位描述"
5756956a-3fa4-4098-88d4-5ace1d1b8033,"1245.67","查询京东股票2020-06-18和2025-06-18价格，计算10000本币投资的USD收益"
ad6a7ec4-13ef-4f4d-8c2b-e305223f19af,"酮体","观看国家地理雷神试炼剧集，查找断食时脂肪代谢产生的物质"
16aaa753-826b-4d3e-b1bd-0b98d34d5023,"1998","访问商品页面，查看生产商信息，提取成立年份"
f0321476-40c0-4596-978c-4fe075f5fcba,"宿迁市","查找京东首次入榜财富500强年份，搜索该年百度百科编辑记录，找到四字人名词条的城市信息"
34f2757d-94af-48b6-9d1b-400183c73544,"菊花刀法","观看舌尖上的中国第4季第1集，查找淮扬刀客处理鸭胗的刀法"
c5d7a455-2d2a-4e12-a76d-3c79eff0278a,"虱目鱼","观看舌尖上的中国第4季第1集台湾台南篇，确认第一个介绍的鱼种"
0123aafb-acfc-4fa0-a120-fe7065345bab,"numpy.test(verbose=1)","查看Numpy 2.0.x的TESTS.rst文件，找到显示已运行测试信息的命令"
6a58586d-e4ab-4b3e-8efd-87b0fcab5306,"5","识别歌词中第一个数字，计算其个位和十位数字之和"
f65fe3ea-2576-4742-a00f-1059efabacb9,"运营管理","阅读PDF文档，查找仓配管理所属的功能模块"
45fbed93-c012-4107-aa9b-fc4719620e97,"Update dependencies to latest versions","访问OxyGent框架GitHub仓库，查看2025年8月7日requirements.txt的commit备注"
37d463ac-5fa2-4614-a288-a69dcf56670f,"100086113628","访问商品页面，查看商品编号"
b9f64eb4-edc9-48e8-8fdd-ed4f22939871,"12.5","阅读2025年Tool Dependency Graphs论文，比较Qwen2.5-32B和ReAct在ToolBench Hard上的TSR差异"
b8f40836-b585-472f-8bf6-58e0ccdcc706,"白色,黑色,灰色","访问商品页面，查看颜色分类图片，按顺序记录三种颜色"
2822610a-da1a-4433-a4eb-9d810d95e8fe,"iPhone15Pro","查看价格保护险规则PDF，提取价保申请图片中的商品标题"
08d26a34-631a-4557-849e-90f5ae735b33,"chia","观看地狱厨神第三季第一集，找到戈登研磨种子的片段，确认种子名称"
c6097c22-3a28-4d8e-bf92-312807299bcf,"关东煮","观看孤独的美食家第六季第十集，记录老板娘提到的晚上提供的食物"
dc9a1b0b-33fd-440d-a9d5-8ae7239b56ce,"姜,料酒","观看人生一串第一季第二集，查找脑花去腥使用的食材"
19700377-a20f-4af4-a74f-d4e5ea7865bb,"2020","查看京东抗疫五件套国博收藏证书，提取总编号"
d77326c7-9492-45f1-82e3-8400dc5b4626,"智能仓储,智能配送,智能客服","访问京东零售云官网，查看产业优化提效解决方案"
fa13876f-2d91-404a-9d17-0c8e0e71a121,"data_type_map","查看Apache Spark PR#51653，提取除data_type_array外修改的字段"
c4cc8a2f-1e02-44f1-9205-a8596697dbae,"A","观看乘风破浪的姐姐6初舞台，记录祝绪丹的评级"
e1dfeaad-7241-4ce4-86fa-bfee94942ae2,"科技创新,绿色发展,社会责任","访问京东科技官网社会责任板块，提取十二字描述"
cc0c36e6-d27e-4743-90d1-d3d275fd9fcf,"15","访问claude-code GitHub仓库，统计截至2025年8月25日的tags版本数量"
c34cfc4e-c849-4471-b769-962ea2a5af65,"鸡腿","观看孤独的美食家第四季第九集，记录老板推荐的鸡肉部位"
462532cf-f3cb-49df-b164-e402d463c5ff,"3","访问OxyGent框架pypi页面，查看2025年7月发布的版本数量"
798d58a0-8e10-4f74-8bb3-d63e7478e16b,"24","扫描文件目录，统计log文件数量"
56c0abfa-7701-4bac-818b-1ba2023e3584,"否","访问商品页面，查看颜色选择数量"
0815afce-b0a9-4811-b325-379161f515d6,"4","查询上海赛车场F1正赛最快圈速创造者的世界冠军次数"
6c3d62ee-23df-455a-bb3c-7fe7bf79395a,"2010","查询中国首位翼装飞行穿越天门洞运动员入选国家滑翔伞队的年份"
c073c045-4a6f-46ee-b51c-adc5f84f831b,"256000","查看商品问大家2017-11-03的游戏回复，结合维基百科查询游戏地图面积"
53dec86d-b658-40c7-973e-838fd1d610e5,"2013","查询京东官方吉祥物Joy的推出年份"
a29f2a86-89dc-45ff-9959-d2607d032d79,"不锈钢","访问商品页面，查看材质信息"
1fe92111-303c-4362-b5c7-9f9c51af8b3b,"fly","查询石炭纪昆虫类群，找到延续至今的类群英文名，拆分单词"
c904400d-2138-4e98-9379-94bbaec5dbb2,"张三","查找京东首次入榜财富500强年份的百度百科最早贡献者"
f1ac188d-9ee9-4d66-bce2-e691ed192cab,"让我先来","观看2018感动中国人物视频，找到紧急情况下喊出的六个字"
5e4456b4-2c9e-482a-bd48-c6c920595bff,"3.9","查看Django 5.0.x文档，确认最低支持的Python版本"
45a3c412-045b-463a-9e82-8e7ff701c8af,"42","分析图片，计算黄色区域数值之和"